num_dme,num_tfsi,num_mg,atoms_dme,atoms_tfsi,atoms_mg,count,%
1,2,0,2O,2O:2O,,12,36.36363636363637
2,1,0,2O:2O,2O,,8,24.242424242424242
3,0,0,2O:2O:2O,,,6,18.181818181818183
1,3,0,2O,1O:1O:2O,,2,6.0606060606060606
2,2,0,2O:2O,1O:1O,,2,6.0606060606060606
1,2,0,1O,2O:3O,,1,3.0303030303030303
2,1,0,1O:2O,3O,,1,3.0303030303030303
3,1,0,1O:2O:2O,1O,,1,3.0303030303030303
